description	type	AnnotationProperty
dateSubmitted	range	Literal
DDC	label	DDC
rightsHolder	range	Agent
ReadArticleTask	type	Class
DiagnosisType	type	Class
handTrajectory	range	HandTrajectoryType
accessRights	type	AnnotationProperty
dsm_ivDepressionCriteria	seeAlso	Diagnostic_and_Statistical_Manual_of_Mental_Disorders
WalkingTask	subClassOf	DirectedTask
modified	subPropertyOf	date
hasUPDRSScore	domain	MotricityAbilitiesAssessment
preferredNamespacePrefix	type	AnnotationProperty
NLM	type	VocabularyEncodingScheme
hasProtocolStep	seeAlso	ProtocolStep
vowelDuration	domain	VoiceData
DirectedExpressionTask	type	Class
stressLevel	seeAlso	StressData
references	label	References
CognitiveAbilitiesData	subClassOf	MeasuredData
hasFormat	subPropertyOf	relation
dateAccepted	type	AnnotationProperty
conformsTo	type	AnnotationProperty
walkingSpeed	type	DatatypeProperty
relation	type	AnnotationProperty
source	type	AnnotationProperty
CognitiveAbilitiesAssessment	subClassOf	ClinicalAssessment
FunctionalAbilitiesData	subClassOf	MeasuredData
PhysicalMedium	subClassOf	MediaType
hasClinicalDiagnosis	seeAlso	DiagnosisType
format	type	AnnotationProperty
isRequiredBy	subPropertyOf	relation
articulation	domain	VoiceData
activityStatus	seeAlso	ActivityStatusType
Agent	type	NamedIndividual
FileFormat	subClassOf	MediaType
abstract	type	AnnotationProperty
dateCopyrighted	type	AnnotationProperty
type	label	Type
VocabularyEncodingScheme	type	Class
available	type	AnnotationProperty
dementia	type	DiagnosisType
ClinicalRecord	type	Class
hasVersion	type	AnnotationProperty
CognitiveAbilitiesData	type	Class
modified	type	DatatypeProperty
DiagnosisAssessment	seeAlso	PersonWithPredementia
source	subPropertyOf	source
LinguisticSystem	type	Class
participates	seeAlso	hasParticipant
FunctionalAbilitiesData	type	Class
bibliographicCitation	subPropertyOf	identifier
issued	subPropertyOf	date
areasOfNoInterestExplored	domain	OrganisationEfficiencyData
license	label	License
iadl_e	type	DatatypeProperty
DiagnosisAssessment	seeAlso	HealthyControlParticipant
healthy	type	NamedIndividual
identifier	type	AnnotationProperty
license	type	AnnotationProperty
handTrajectory	seeAlso	FunctionalAbilitiesData
NeuropsychiatricAndMoodAssessment	seeAlso	npi
pauseRate	seeAlso	VoiceData
accessRights	type	ObjectProperty
freeAndCuedRemindingAssessment	domain	CognitiveAbilitiesAssessment
bibliographicCitation	type	AnnotationProperty
subject	type	AnnotationProperty
creator	subPropertyOf	contributor
articulation	type	DatatypeProperty
fabScore	domain	CognitiveAbilitiesAssessment
BibliographicResource	type	Class
isClinicalRecordOf	type	ObjectProperty
accrualPeriodicity	domain	Collection
involvesTask	domain	ProtocolStep
hasVersion	subPropertyOf	relation
shortCognitiveBatteryAssessment	seeAlso	CognitiveAbilitiesAssessment
NeuropsychiatricAndMoodAssessment	subClassOf	ClinicalAssessment
apathyInventory	type	DatatypeProperty
isPartOf	type	AnnotationProperty
ClinicalAssessment	type	Class
references	subPropertyOf	relation
PeriodOfTime	subClassOf	LocationPeriodOrJurisdiction
LicenseDocument	subClassOf	RightsStatement
SizeOrDuration	subClassOf	MediaTypeOrExtent
SemiDirectedActivitiesStep	type	Class
isVersionOf	type	AnnotationProperty
iadl_e	seeAlso	AutonomyAssessment
ClinicalAssessment	seeAlso	MotricityAbilitiesAssessment
verbalReactionSpontaneity	seeAlso	DiscussionInvolvementData
replaces	subPropertyOf	relation
Protocol	seeAlso	ProtocolStep
latency	domain	LatencyData
accrualPolicy	domain	Collection
LCSH	label	LCSH
hasPart	type	AnnotationProperty
ProtocolStep	seeAlso	DiscussionWithClinicianStep
issued	type	AnnotationProperty
repetitions	seeAlso	SemiDirectedTask
isReplacedBy	subPropertyOf	relation
hasClinicalDiagnosis	subPropertyOf	topObjectProperty
mediator	subPropertyOf	audience
medium	type	ObjectProperty
Protocol	seeAlso	MeasuredData
description	subPropertyOf	description
extent	subPropertyOf	format
StressData	subClassOf	MeasuredData
hasProtocolStep	range	ProtocolStep
source	label	Source
PhysicalResource	type	Class
TGN	type	NamedIndividual
dateCopyrighted	range	Literal
contributor	type	AnnotationProperty
available	range	Literal
isPartOf	subPropertyOf	relation
walkingSpeedInstantaneous	seeAlso	GaitData
publisher	subPropertyOf	publisher
bibliographicCitation	domain	BibliographicResource
isVersionOf	subPropertyOf	relation
license	type	ObjectProperty
distanceWalked	type	DatatypeProperty
isReferencedBy	subPropertyOf	relation
verbalReactionTime	type	DatatypeProperty
stepLength	seeAlso	GaitData
Protocol	type	Class
format	type	AnnotationProperty
dateSubmitted	type	AnnotationProperty
temporal	subPropertyOf	coverage
PrepareHotTeaTask	subClassOf	SemiDirectedTask
ClinicalRecord	seeAlso	ClinicalAssessment
completed	type	ActivityStatusType
HealthyControlParticipant	seeAlso	DiagnosisType
format	subPropertyOf	format
Frequency	label	Frequency
activityStatus	range	ActivityStatusType
AutonomyAssessment	type	Class
MediaType	type	Class
DCMIType	type	VocabularyEncodingScheme
completed	type	NamedIndividual
LCSH	type	VocabularyEncodingScheme
DiagnosisAssessment	subClassOf	ClinicalAssessment
accrualPeriodicity	type	AnnotationProperty
language	type	AnnotationProperty
compliantInstructionsOrder	domain	CognitiveAbilitiesData
walkingSpeedInstantaneous	domain	GaitData
tableOfContents	subPropertyOf	description
PictureDiscussionTask	type	Class
ClinicalAssessment	seeAlso	NeuropsychiatricAndMoodAssessment
ActivityStatusType	type	Class
title	subPropertyOf	title
speechFluency	type	DatatypeProperty
identifier	type	DatatypeProperty
source	type	AnnotationProperty
HealthyControlParticipant	seeAlso	ClinicalRecord
Frequency	type	Class
temporal	subPropertyOf	coverage
NLM	type	NamedIndividual
date	type	DatatypeProperty
audience	label	Audience
bibliographicCitation	type	DatatypeProperty
LeaveRoomTask	subClassOf	SemiDirectedTask
AgentClass	subClassOf	Class
temporal	type	AnnotationProperty
measuredData	range	MeasuredData
PayBillTask	type	Class
EstablishAccountBalanceTask	type	Class
license	range	LicenseDocument
Policy	type	Class
title	label	Title
hasClinicalRecord	range	ClinicalRecord
CallPsychologistTask	subClassOf	SemiDirectedTask
ProtocolStep	seeAlso	DirectedActivitiesStep
NeuropsychiatricAndMoodAssessment	seeAlso	dsm_ivDepressionCriteria
LocationPeriodOrJurisdiction	type	Class
AnswerPhoneTask	subClassOf	SemiDirectedTask
abstract	label	Abstract
issued	range	Literal
hasParticipant	seeAlso	Protocol
isFormatOf	subPropertyOf	relation
created	type	AnnotationProperty
MESH	label	MeSH
LeaveRoomTask	type	Class
apathyInventory	seeAlso	NeuropsychiatricAndMoodAssessment
audience	range	AgentClass
UDC	type	VocabularyEncodingScheme
DiscussionWithClinicianStep	subClassOf	ProtocolStep
involvesTask	seeAlso	Task
SemiDirectedTask	subClassOf	Task
format	type	ObjectProperty
measuredData	seeAlso	Task
WalkingTask	type	Class
pauseRate	seeAlso	ArticulationControlTask
hasFormat	type	AnnotationProperty
alternative	subPropertyOf	title
SemiDirectedActivitiesStep	subClassOf	ProtocolStep
areasOfNoInterestExplored	range	Zone
language	subPropertyOf	language
hasProtocolStep	seeAlso	Protocol
accrualPeriodicity	range	Frequency
identifier	label	Identifier
walkingSpeed	seeAlso	GaitData
MeasuredData	type	Class
SemiDirectedTask	type	Class
accrualPeriodicity	type	ObjectProperty
requires	subPropertyOf	relation
ProtocolStep	seeAlso	Task
URI	type	Datatype
CognitiveAbilitiesAssessment	seeAlso	trailMakingTest
PictureDiscussionTask	subClassOf	FreeDiscussionTask
abstract	subPropertyOf	description
trailMakingTest	seeAlso	CognitiveAbilitiesAssessment
hasParticipant	type	ObjectProperty
mediator	label	Mediator
format	range	MediaTypeOrExtent
stoppingDisplacement	domain	GaitData
accessRights	subPropertyOf	rights
ClinicalAssessment	seeAlso	AutonomyAssessment
DirectedTask	seeAlso	DirectedActivitiesStep
PersonWithDementia	seeAlso	DiagnosisAssessment
FreeDiscussionTask	subClassOf	DiscussionTask
dateSubmitted	type	DatatypeProperty
hasProtocolStep	domain	Protocol
valid	type	AnnotationProperty
coverage	subPropertyOf	coverage
pauseRate	seeAlso	SentenceRepeatingTask
temporal	type	ObjectProperty
hasFormat	subPropertyOf	relation
CognitiveAbilitiesAssessment	seeAlso	hasMMSEScore
pauseRate	type	DatatypeProperty
isRequiredBy	subPropertyOf	relation
provenance	type	ObjectProperty
speechRate	seeAlso	VoiceData
areasOfInterestExplored	seeAlso	OrganisationEfficiencyData
coverage	type	AnnotationProperty
DiscussionInvolvementData	type	Class
rights	type	AnnotationProperty
PersonWithPredementia	seeAlso	predementia
SentenceRepeatingTask	subClassOf	DirectedTask
created	subPropertyOf	date
rightsHolder	type	ObjectProperty
date	range	Literal
audience	type	ObjectProperty
IMT	type	VocabularyEncodingScheme
handTrajectory	domain	FunctionalAbilitiesData
medium	type	AnnotationProperty
repetitions	domain	CognitiveAbilitiesData
creator	subPropertyOf	creator
DirectedTask	seeAlso	Task
PeriodOfTime	type	Class
medium	subPropertyOf	format
extent	type	AnnotationProperty
LatencyData	type	Class
trailMakingTest	type	DatatypeProperty
npi	domain	NeuropsychiatricAndMoodAssessment
DirectedDiscussionTask	type	Class
PhysicalMedium	type	Class
publisher	label	Publisher
Location	subClassOf	LocationPeriodOrJurisdiction
speechRate	domain	VoiceData
DiscussionTask	subClassOf	Task
contributor	label	Contributor
ClinicalRecord	seeAlso	containsAssessment
shortCognitiveBatteryAssessment	type	DatatypeProperty
provenance	range	ProvenanceStatement
CognitiveAbilitiesAssessment	seeAlso	freeAndCuedRemindingAssessment
dynamicBalance	domain	GaitData
npi	type	DatatypeProperty
Location	type	Class
containsAssessment	seeAlso	ClinicalAssessment
GaitData	type	Class
hasMMSEScore	type	DatatypeProperty
DiagnosisAssessment	seeAlso	DiagnosisType
valid	subPropertyOf	date
dateAccepted	subPropertyOf	date
ProtocolStep	type	Class
MotricityAbilitiesAssessment	type	Class
title	type	DatatypeProperty
OrganisationEfficiencyData	type	Class
valid	subPropertyOf	date
dateAccepted	subPropertyOf	date
VoiceData	type	Class
DCMIType	type	NamedIndividual
Task	type	Class
mediator	type	AnnotationProperty
LCC	label	LCC
verbalReactionTime	domain	VoiceData
LCSH	type	NamedIndividual
mediator	range	AgentClass
omitted	type	ActivityStatusType
Jurisdiction	subClassOf	LocationPeriodOrJurisdiction
educationLevel	subPropertyOf	audience
publisher	type	ObjectProperty
coverage	type	ObjectProperty
type	subPropertyOf	type
ArticulationControlTask	type	Class
omitted	type	NamedIndividual
rights	type	ObjectProperty
language	range	LinguisticSystem
Policy	label	Policy
incomplete	type	ActivityStatusType
Agent	label	Agent
PayBillTask	subClassOf	SemiDirectedTask
ClinicalAssessment	seeAlso	DiagnosisAssessment
incomplete	type	NamedIndividual
TGN	label	TGN
NeuropsychiatricAndMoodAssessment	type	Class
extent	type	ObjectProperty
creator	type	AnnotationProperty
language	type	AnnotationProperty
PersonWithPredementia	seeAlso	DiagnosisAssessment
valid	type	DatatypeProperty
dateAccepted	type	DatatypeProperty
Period	type	Datatype
spatial	type	ObjectProperty
Location	label	Location
TurnOnTVTask	subClassOf	SemiDirectedTask
stoppingDisplacement	type	DatatypeProperty
subject	type	AnnotationProperty
verbalReactionSpontaneity	type	DatatypeProperty
SentenceRepeatingTask	type	Class
modified	range	Literal
Agent	type	AgentClass
MESH	type	VocabularyEncodingScheme
DiscussionTask	type	Class
dateCopyrighted	type	DatatypeProperty
educationLevel	type	ObjectProperty
DiscussionWithClinicianStep	type	Class
UDC	type	NamedIndividual
hasClinicalRecord	type	ObjectProperty
isReferencedBy	subPropertyOf	relation
alternative	range	Literal
available	type	DatatypeProperty
hasPart	subPropertyOf	relation
AutonomyAssessment	seeAlso	iadl_e
contributor	subPropertyOf	contributor
Standard	type	Class
Agent	type	Class
identifier	type	AnnotationProperty
AnswerPhoneTask	type	Class
hasProtocolStep	type	ObjectProperty
DiagnosisAssessment	seeAlso	PersonWithDementia
mediator	type	ObjectProperty
DiagnosisAssessment	seeAlso	hasClinicalDiagnosis
hasClinicalDiagnosis	seeAlso	DiagnosisAssessment
accrualMethod	type	AnnotationProperty
dateSubmitted	subPropertyOf	date
DirectedDiscussionTask	subClassOf	DiscussionTask
conformsTo	subPropertyOf	relation
relation	label	Relation
PersonWithDementia	type	Class
freeAndCuedRemindingAssessment	seeAlso	CognitiveAbilitiesAssessment
accessRights	range	RightsStatement
title	range	Literal
relation	subPropertyOf	relation
WalkingCountingBackwardsTask	subClassOf	DirectedTask
PictureDescriptionTask	subClassOf	FreeDiscussionTask
dateSubmitted	subPropertyOf	date
MethodOfAccrual	type	Class
CountingBackwardsTask	type	Class
references	type	AnnotationProperty
replaces	label	Replaces
containsAssessment	range	ClinicalAssessment
hasParticipant	seeAlso	Person
apathyInventory	domain	NeuropsychiatricAndMoodAssessment
PrepareDrugBoxTask	subClassOf	SemiDirectedTask
involvesTask	seeAlso	ProtocolStep
LatencyData	subClassOf	MeasuredData
DiagnosisAssessment	type	Class
description	label	Description
replaces	type	AnnotationProperty
creator	type	ObjectProperty
language	type	ObjectProperty
publisher	range	Agent
tableOfContents	subPropertyOf	description
dynamicBalance	type	DatatypeProperty
rights	label	Rights
LCC	type	VocabularyEncodingScheme
dsm_ivDepressionCriteria	domain	NeuropsychiatricAndMoodAssessment
Participant	type	Class
areasOfInterestExplored	range	Zone
measuredData	seeAlso	MeasuredData
MediaType	subClassOf	MediaTypeOrExtent
isReplacedBy	type	AnnotationProperty
involvesTask	type	ObjectProperty
LicenseDocument	type	Class
latency	seeAlso	LatencyData
GaitData	subClassOf	MeasuredData
measuredData	type	ObjectProperty
DirectedTask	subClassOf	Task
URI	label	URI
PersonWithPredementia	type	Class
Box	type	Datatype
hasClinicalRecord	seeAlso	ClinicalRecord
temporal	range	PeriodOfTime
pauseRate	seeAlso	CountingBackwardsTask
pauseRate	domain	VoiceData
participates	inverseOf	hasParticipant
speechRate	type	DatatypeProperty
IMT	type	NamedIndividual
ReadArticleTask	subClassOf	SemiDirectedTask
OrganisationEfficiencyData	subClassOf	MeasuredData
valid	range	Literal
dateAccepted	range	Literal
issued	type	DatatypeProperty
UDC	label	UDC
areasOfInterestExplored	type	ObjectProperty
dateCopyrighted	subPropertyOf	date
spatial	range	Location
shortCognitiveBatteryAssessment	domain	CognitiveAbilitiesAssessment
hasMMSEScore	domain	CognitiveAbilitiesAssessment
dateCopyrighted	subPropertyOf	date
DiscussionInvolvementData	subClassOf	MeasuredData
type	type	AnnotationProperty
handTrajectory	type	ObjectProperty
accrualMethod	type	ObjectProperty
ProtocolStep	seeAlso	SemiDirectedActivitiesStep
iadl_e	domain	AutonomyAssessment
verbalReactionSpontaneity	domain	DiscussionInvolvementData
ClinicalAssessment	seeAlso	CognitiveAbilitiesAssessment
latency	type	DatatypeProperty
contributor	range	Agent
Standard	label	Standard
instructionalMethod	type	ObjectProperty
MotricityAbilitiesAssessment	seeAlso	hasUPDRSScore
PersonWithPredementia	seeAlso	ClinicalRecord
IMT	label	IMT
AutonomyAssessment	seeAlso	SemiDirectedActivitiesStep
speechFluency	domain	VoiceData
PersonWithDementia	subClassOf	Participant
created	subPropertyOf	date
compliantInstructionsOrder	seeAlso	CognitiveAbilitiesData
publisher	type	AnnotationProperty
identifier	range	Literal
abstract	subPropertyOf	description
FreeDiscussionTask	type	Class
compliantInstructionsOrder	type	DatatypeProperty
medium	label	Medium
predementia	type	DiagnosisType
date	type	Datatype
CognitiveAbilitiesAssessment	seeAlso	fabScore
DDC	type	VocabularyEncodingScheme
rights	subPropertyOf	rights
license	subPropertyOf	rights
WalkingCountingBackwardsTask	type	Class
StressData	type	Class
accrualMethod	range	MethodOfAccrual
SizeOrDuration	type	Class
stepLength	domain	GaitData
Jurisdiction	type	Class
HealthyControlParticipant	seeAlso	DiagnosisAssessment
publisher	type	AnnotationProperty
AgentClass	type	Class
medium	range	PhysicalMedium
spatial	type	AnnotationProperty
DirectedTask	type	Class
vowelDuration	comment	VoiceData
WaterPlantTask	subClassOf	SemiDirectedTask
isFormatOf	type	AnnotationProperty
vowelDuration	subPropertyOf	topDataProperty
handTrajectory	seeAlso	HandTrajectoryType
accrualPolicy	type	AnnotationProperty
VoiceData	subClassOf	MeasuredData
alternative	type	AnnotationProperty
rights	type	AnnotationProperty
available	subPropertyOf	date
FileFormat	type	Class
vowelDuration	type	DatatypeProperty
instructionalMethod	range	MethodOfInstruction
hasClinicalDiagnosis	type	ObjectProperty
NeuropsychiatricAndMoodAssessment	seeAlso	apathyInventory
available	subPropertyOf	date
medium	domain	PhysicalResource
creator	type	AnnotationProperty
Point	type	Datatype
educationLevel	type	AnnotationProperty
issued	subPropertyOf	date
created	type	DatatypeProperty
contributor	type	AnnotationProperty
educationLevel	range	AgentClass
MESH	type	NamedIndividual
date	type	AnnotationProperty
RightsStatement	type	Class
MediaTypeOrExtent	type	Class
hasVersion	subPropertyOf	relation
medium	subPropertyOf	format
relation	type	AnnotationProperty
NLM	label	NLM
references	subPropertyOf	relation
ProvenanceStatement	type	Class
HealthyControlParticipant	subClassOf	Participant
note	type	AnnotationProperty
activityStatus	type	ObjectProperty
hasUPDRSScore	type	DatatypeProperty
coverage	label	Coverage
stressLevel	type	DatatypeProperty
PrepareHotTeaTask	type	Class
conformsTo	type	ObjectProperty
replaces	subPropertyOf	relation
stoppingDisplacement	seeAlso	GaitData
coverage	type	AnnotationProperty
hasParticipant	domain	Protocol
Zone	type	Class
dsm_ivDepressionCriteria	type	DatatypeProperty
containsAssessment	type	ObjectProperty
trailMakingTest	domain	CognitiveAbilitiesAssessment
fabScore	seeAlso	CognitiveAbilitiesAssessment
isReplacedBy	subPropertyOf	relation
isClinicalRecordOf	inverseOf	hasClinicalRecord
PersonWithDementia	seeAlso	DiagnosisType
areasOfNoInterestExplored	type	ObjectProperty
PersonWithDementia	seeAlso	dementia
stressLevel	domain	StressData
measuredData	domain	Task
AutonomyAssessment	subClassOf	ClinicalAssessment
coverage	range	LocationPeriodOrJurisdiction
MotricityAbilitiesAssessment	subClassOf	ClinicalAssessment
DirectedActivitiesStep	subClassOf	ProtocolStep
activityStatus	seeAlso	CognitiveAbilitiesData
accrualPolicy	type	ObjectProperty
PersonWithPredementia	subClassOf	Participant
isPartOf	subPropertyOf	relation
ArticulationControlTask	subClassOf	DirectedTask
creator	label	Creator
WaterPlantTask	type	Class
walkingSpeed	domain	GaitData
LCC	type	NamedIndividual
pauseRate	seeAlso	WalkingCountingBackwardsTask
isVersionOf	subPropertyOf	relation
HealthyControlParticipant	type	Class
DirectedExpressionTask	subClassOf	DirectedDiscussionTask
Protocol	seeAlso	Task
hasClinicalDiagnosis	domain	DiagnosisAssessment
type	type	AnnotationProperty
participates	type	ObjectProperty
spatial	subPropertyOf	coverage
date	subPropertyOf	date
accrualPolicy	range	Policy
contributor	type	ObjectProperty
PersonWithDementia	seeAlso	ClinicalRecord
CallPsychologistTask	type	Class
repetitions	type	DatatypeProperty
freeAndCuedRemindingAssessment	type	DatatypeProperty
distanceWalked	seeAlso	OrganisationEfficiencyData
healthy	type	DiagnosisType
TurnOnTVTask	type	Class
accessRights	subPropertyOf	rights
activityStatus	domain	CognitiveAbilitiesData
extent	subPropertyOf	format
conformsTo	range	Standard
hasPart	subPropertyOf	relation
identifier	subPropertyOf	identifier
fabScore	type	DatatypeProperty
areasOfNoInterestExplored	seeAlso	OrganisationEfficiencyData
creator	range	Agent
Participant	subClassOf	Person
DirectedActivitiesStep	type	Class
dynamicBalance	seeAlso	GaitData
CognitiveAbilitiesAssessment	type	Class
alternative	type	DatatypeProperty
PictureDescriptionTask	type	Class
walkingSpeedInstantaneous	type	DatatypeProperty
created	range	Literal
extent	label	Extent
areasOfInterestExplored	domain	OrganisationEfficiencyData
bibliographicCitation	range	Literal
conformsTo	subPropertyOf	relation
HandTrajectoryType	type	Class
hasParticipant	range	Participant
date	label	Date
containsAssessment	seeAlso	ClinicalRecord
EstablishAccountBalanceTask	subClassOf	SemiDirectedTask
stepLength	type	DatatypeProperty
spatial	subPropertyOf	coverage
modified	type	AnnotationProperty
distanceWalked	domain	OrganisationEfficiencyData
requires	label	Requires
license	subPropertyOf	rights
language	label	Language
alternative	subPropertyOf	title
npi	seeAlso	NeuropsychiatricAndMoodAssessment
Jurisdiction	label	Jurisdiction
predementia	type	NamedIndividual
TGN	type	VocabularyEncodingScheme
verbalReactionTime	seeAlso	VoiceData
type	range	Class
requires	type	AnnotationProperty
MethodOfInstruction	type	Class
bibliographicCitation	subPropertyOf	identifier
FindBusLineOnMapTask	subClassOf	SemiDirectedTask
isFormatOf	subPropertyOf	relation
healthy	hasClinicalDiagnosis	dementia
hasMMSEScore	seeAlso	CognitiveAbilitiesAssessment
tableOfContents	type	AnnotationProperty
containsAssessment	domain	ClinicalRecord
rights	range	RightsStatement
dementia	type	NamedIndividual
subject	label	Subject
involvesTask	range	Task
provenance	label	Provenance
PrepareDrugBoxTask	type	Class
CountingBackwardsTask	subClassOf	DirectedTask
format	label	Format
type	type	ObjectProperty
DDC	type	NamedIndividual
title	type	AnnotationProperty
hasUPDRSScore	seeAlso	MotricityAbilitiesAssessment
source	subPropertyOf	relation
hasClinicalDiagnosis	range	DiagnosisType
extent	range	SizeOrDuration
accrualMethod	domain	Collection
CognitiveAbilitiesAssessment	seeAlso	shortCognitiveBatteryAssessment
FindBusLineOnMapTask	type	Class
PersonWithPredementia	seeAlso	DiagnosisType
speechFluency	seeAlso	VoiceData
subject	subPropertyOf	subject
isRequiredBy	type	AnnotationProperty
hasClinicalRecord	domain	Participant
HealthyControlParticipant	seeAlso	healthy
modified	subPropertyOf	date
isReferencedBy	type	AnnotationProperty
requires	subPropertyOf	relation
