metre	type	LengthUnit
hertz	type	FrequencyUnit
LightPoint	type	Class
hasProjectionAngle	type	DatatypeProperty
ScatteringOfLight	type	NamedIndividual
Measurement	disjointWith	Geometry
Color	disjointWith	CompassDirection
DigitalRepresentation	disjointWith	Light
hasComponent	inverseOf	isComponentOf
hectometre	type	NamedIndividual
Property	disjointWith	Light
hasValue	type	DatatypeProperty
PeriodMeasurement	type	Class
HeightMeasurement	type	Class
metre	label	Metre
CommunicationProtocol	disjointWith	CompassDirection
isConnectedTo	type	SymmetricProperty
UnitOfMeasure	disjointWith	CommunicationProtocol
hasTag	range	string
System	type	Class
CompassDirection	disjointWith	DigitalRepresentation
hasProjectionAngle	range	float
CommunicationProtocol	disjointWith	DigitalRepresentation
CommunicationInterface	disjointWith	Geometry
FrequencyMeasurement	type	Class
Luminiscence	label	Luminiscence
location	type	ObjectProperty
hasFlash	type	FunctionalProperty
Property	disjointWith	CommunicationInterface
Actuator	label	Actuator
hertz	label	Hertz
UnitOfMeasure	type	Class
Measurement	disjointWith	Property
DigitalRepresentation	disjointWith	Geometry
hasFlash	type	DatatypeProperty
Measurement	disjointWith	DigitalRepresentation
Property	disjointWith	Geometry
Geometry	label	Geometry
hasDigitalRepresentation	type	InverseFunctionalProperty
hasLightPoint	type	ObjectProperty
Device	subClassOf	Device
hasCreationDate	type	FunctionalProperty
Point	type	Class
Height	type	NamedIndividual
isAccesibleThrough	type	ObjectProperty
reciprocal_year	type	FrequencyUnit
decametre	type	LengthUnit
hasDescription	type	DatatypeProperty
LengthUnit	subClassOf	UnitOfMeasure
hasCreationDate	type	DatatypeProperty
hasShield	type	FunctionalProperty
CommunicationInterface	disjointWith	DigitalRepresentation
LightProperty	type	Class
preferredNamespacePrefix	type	AnnotationProperty
contains	type	ObjectProperty
reciprocal_hour	type	FrequencyUnit
hasShield	type	DatatypeProperty
hasManufacturer	type	DatatypeProperty
UnitOfMeasure	disjointWith	Geometry
hasComponent	type	ObjectProperty
hasComponent	type	TransitiveProperty
Period	type	NamedIndividual
Service	disjointWith	CompassDirection
hasCreationDate	range	dateTime
SpatialThing	disjointWith	Measurement
isContainedIn	type	ObjectProperty
Measurement	type	Class
millimetre	type	LengthUnit
PhysicalObject	type	Class
hasDigitalRepresentation	type	ObjectProperty
hasTransmissionPeriod	type	ObjectProperty
title	type	AnnotationProperty
projectsLight	type	ObjectProperty
Phosphorescence	type	LightProperty
Illuminance	type	LightProperty
hasColor	type	ObjectProperty
decimetre	label	Decimetre
UnitOfMeasure	disjointWith	DigitalRepresentation
Property	disjointWith	CommunicationProtocol
Light	label	Light
publisher	type	AnnotationProperty
hasGeometry	type	ObjectProperty
DigitalRepresentation	type	Class
Measurement	disjointWith	Service
Luminiscence	type	LightProperty
Measurement	label	Measurement
Property	type	Class
kilometre	label	Kilometre
decimetre	type	NamedIndividual
usesCommunicationInterface	type	ObjectProperty
Service	disjointWith	UnitOfMeasure
relatesToProperty	type	ObjectProperty
TESS	type	Class
hertz	type	NamedIndividual
Irradiance	type	LightProperty
hasFlash	range	boolean
hasIdentifier	range	string
millimetre	label	Milimetre
kilometre	type	NamedIndividual
ReflectionOfLight	type	NamedIndividual
Lamppost	label	Lamppost
Measurement	disjointWith	CompassDirection
Device	label	Device
System	subClassOf	PhysicalObject
Fluorescence	type	LightProperty
Property	disjointWith	Service
Sensor	label	Sensor
hasRevisionNumber	range	string
SpatialThing	disjointWith	CommunicationInterface
LightAbsorption	type	LightProperty
Actuator	subClassOf	Device
hasTag	type	DatatypeProperty
CommunicationInterface	disjointWith	CompassDirection
encapsulates	type	ObjectProperty
Light	type	Class
LengthUnit	type	Class
Photometer	label	Photometer
encapsulates	label	encapsulates
decimetre	type	LengthUnit
hectometre	type	LengthUnit
reciprocal_day	type	FrequencyUnit
isAccesibleThrough	type	FunctionalProperty
LightMagnitude	type	LightProperty
contains	inverseOf	isContainedIn
Device	type	Class
modified	type	AnnotationProperty
Property	disjointWith	CompassDirection
reciprocal_year	type	NamedIndividual
issued	type	AnnotationProperty
Actuator	type	Class
SpatialThing	disjointWith	Color
isProjectedFromHeight	type	ObjectProperty
Frequency	type	NamedIndividual
Phosphorescence	label	Phosphorescence
encapsulates	inverseOf	hasDigitalRepresentation
Color	disjointWith	Light
creator	type	AnnotationProperty
preferredNamespaceUri	type	AnnotationProperty
reciprocal_hour	type	NamedIndividual
Measurement	disjointWith	UnitOfMeasure
Service	disjointWith	Color
Frequency	label	Frequency
CompassDirection	disjointWith	Light
CommunicationProtocol	disjointWith	Light
Photometer	subClassOf	Sensor
Phosphorescence	type	NamedIndividual
UnitOfMeasure	disjointWith	CompassDirection
Color	disjointWith	CommunicationInterface
System	label	System
SpatialThing	type	Class
Illuminance	type	NamedIndividual
LightPoint	subClassOf	Point
PeriodMeasurement	subClassOf	Measurement
Color	disjointWith	Geometry
HeightMeasurement	subClassOf	Measurement
license	type	AnnotationProperty
SpatialThing	disjointWith	CommunicationProtocol
Point	label	Point
Service	type	Class
hasVersion	range	string
Luminiscence	type	NamedIndividual
decametre	label	Decametre
Property	disjointWith	UnitOfMeasure
FrequencyMeasurement	subClassOf	Measurement
isComponentOf	type	ObjectProperty
isComponentOf	type	TransitiveProperty
Color	label	Color
Measurement	disjointWith	CommunicationInterface
Geometry	type	Class
Service	disjointWith	CommunicationProtocol
Illuminance	label	Illuminance
PhysicalObject	subClassOf	SpatialThing
ScatteringOfLight	type	LightProperty
Irradiance	type	NamedIndividual
Height	type	Property
decametre	type	NamedIndividual
LightProperty	subClassOf	Property
Color	disjointWith	DigitalRepresentation
Service	disjointWith	Light
Fluorescence	label	Fluorescence
TemporalUnit	subClassOf	UnitOfMeasure
source	type	AnnotationProperty
Photometer	type	Class
CommunicationProtocol	type	Class
Fluorescence	type	NamedIndividual
contains	label	contains
Geometry	disjointWith	Light
ReflectionOfLight	type	LightProperty
Sensor	subClassOf	Device
Property	label	Property
FrequencyUnit	type	Class
LightAbsorption	type	NamedIndividual
FrequencyUnit	subClassOf	UnitOfMeasure
TESS	subClassOf	Photometer
hasShield	range	boolean
Period	type	Property
Color	type	Class
SpatialThing	disjointWith	Service
Period	label	Period
Frequency	type	Property
SpatialThing	disjointWith	Geometry
hasIdentifier	type	DatatypeProperty
location	label	location
Height	label	Height
centimetre	type	NamedIndividual
UnitOfMeasure	disjointWith	Light
CompassDirection	type	Class
millimetre	type	NamedIndividual
Color	disjointWith	CommunicationProtocol
Lamppost	subClassOf	Device
encapsulates	type	FunctionalProperty
Service	disjointWith	Geometry
hasFrequencyMeasurement	type	ObjectProperty
LightMagnitude	type	NamedIndividual
hasRevisionNumber	type	DatatypeProperty
kilometre	type	LengthUnit
Device	label	Device
isProjectedInDirection	type	ObjectProperty
reciprocal_day	type	NamedIndividual
usesCommunicationProtocol	type	ObjectProperty
makesMeasurement	type	ObjectProperty
measuresProperty	type	ObjectProperty
UnitOfMeasure	disjointWith	CommunicationInterface
SpatialThing	disjointWith	CompassDirection
Irradiance	label	Irradiance
contributor	type	AnnotationProperty
isConnectedTo	type	ObjectProperty
hasTimestamp	type	FunctionalProperty
SpatialThing	disjointWith	DigitalRepresentation
Measurement	disjointWith	CommunicationProtocol
metre	type	NamedIndividual
Lamppost	type	Class
hasTimestamp	type	DatatypeProperty
CommunicationInterface	type	Class
centimetre	type	LengthUnit
hectometre	label	Hectometre
centimetre	label	Centimetre
CommunicationInterface	disjointWith	CommunicationProtocol
Measurement	disjointWith	Light
Device	subClassOf	System
UnitOfMeasure	disjointWith	Color
Sensor	type	Class
affectsProperty	type	ObjectProperty
hasVersion	type	FunctionalProperty
description	type	AnnotationProperty
hasTimestamp	range	dateTime
Service	label	Service
CompassDirection	disjointWith	Geometry
CommunicationProtocol	disjointWith	Geometry
hasVersion	type	DatatypeProperty
isMeasuredIn	type	ObjectProperty
CommunicationInterface	disjointWith	Light
hasProjectionAngle	type	FunctionalProperty
TemporalUnit	type	Class
Device	type	Class
