hasTime	range	Time
hasCommandKind	range	Command
OperationExecution	type	Class
PropertyValue	type	Class
hasFunction	type	ObjectProperty
SwitchOnService	subClassOf	Service
WellBeing	type	Task
GetMeterDataCommand	type	Class
measurementMadeBy	type	ObjectProperty
offers	range	Service
StartStopState	subClassOf	State
Property	type	Class
ToggleCommand	subClassOf	Command
hasPropertyOfInterest	inverseOf	isPropertyOfInterestOf
isExecutionOf	domain	ProcedureExecution
Sensor	type	Class
relatesToProperty	deprecated	true
isOfferedBy	type	ObjectProperty
hasPropertyKind	domain	PropertyOfInterest
isOfferedBy	inverseOf	offers
hasCommandKind	domain	CommandOfInterest
SensingFunction	deprecated	true
isFunctionOf	type	ObjectProperty
hasOperation	type	ObjectProperty
hasThresholdMeasurement	type	ObjectProperty
hasProperty	range	Property
hasSensorType	domain	SensingFunction
isFunctionOf	inverseOf	hasFunction
Actuator	subClassOf	Device
CommandExecution	subClassOf	ProcedureExecution
hasMeasurement	range	Measurement
Measurement	deprecated	true
Water	subClassOf	Commodity
offers	type	ObjectProperty
measurementMadeBy	domain	Measurement
controls	type	ObjectProperty
CommandExecution	type	Class
isOfferedBy	domain	Service
isAccomplishedBy	inverseOf	accomplishes
ToggleCommand	deprecated	true
ActuatingFunction	subClassOf	Function
hasCommandOfInterest	domain	FunctionOfInterest
hasOutput	type	ObjectProperty
StartStopState	type	Class
makesMeasurement	type	ObjectProperty
controlsProperty	domain	Device
PauseCommand	subClassOf	Command
isMeasuredByDevice	domain	Property
OpenCommand	type	Class
MultiLevelState	deprecated	true
hasTypicalConsumption	type	ObjectProperty
modified	type	AnnotationProperty
isFunctionOf	domain	Function
Meter	label	Meter
OnOffFunction	subClassOf	ActuatingFunction
profileHasPrice	type	ObjectProperty
hasProperty	type	ObjectProperty
hasResult	type	ObjectProperty
SetAbsoluteLevelCommand	subClassOf	Command
isStoredBy	inverseOf	stores
hasFunction	inverseOf	isFunctionOf
Task	label	Task
OnOffState	deprecated	true
profileHasPrice	range	PropertyValue
narrower	type	ObjectProperty
EventFunction	type	Class
isActedUponBy	type	ObjectProperty
isOperationOf	domain	Operation
OpenCloseFunction	subClassOf	ActuatingFunction
hasStateOfInterest	domain	FeatureOfInterest
FeatureKind	type	Class
PauseCommand	deprecated	true
SmokeSensor	deprecated	true
hasDeviceKind	domain	Device
Time	label	Time
Smoke	deprecated	true
hasResultTime	range	dateTime
Appliance	type	Class
MeterReading	deprecated	true
relatesToMeasurement	range	Measurement
madeBy	range	FeatureOfInterest
hasValue	type	DatatypeProperty
isStateOf	domain	State
Entertainment	label	Entertainment
isControlledBy	inverseOf	controls
SetAbsoluteLevelCommand	deprecated	true
hasDeviceKind	subPropertyOf	hasFeatureKind
Function	type	Class
Currency	type	Class
OffCommand	subClassOf	Command
EventFunction	deprecated	true
isCommandOfInterestOf	domain	CommandOfInterest
isOperationOf	range	Service
EnergyEfficiency	type	Task
Motion	label	Motion
MeterReading	type	Task
example	type	AnnotationProperty
HVAC	type	Class
whenPropertyValue	type	ObjectProperty
isOfferedBy	type	FunctionalProperty
Light	deprecated	true
DoorSwitch	subClassOf	Switch
Device	subClassOf	System
Meter	type	Class
OnState	type	Class
broader	inverseOf	narrower
isStateOfInterestOf	inverseOf	hasStateOfInterest
hasMeterReading	range	Measurement
stores	label	stores
Actuator	type	Class
StateOfInterest	type	Class
hasMandatoryCommand	subPropertyOf	hasCommand
Switch	label	Switch
Observation	subClassOf	ProcedureExecution
isMeasuredByDevice	type	ObjectProperty
Measurement	label	Measurement
OffCommand	deprecated	true
isAccomplishedBy	domain	Task
isPropertyOfInterestOf	type	FunctionalProperty
EnergyUnit	type	Class
MeteringFunction	type	Class
hasStateKind	range	State
hasState	range	State
Time	type	Class
measurementMadeBy	deprecated	true
hasFunctionKind	range	Function
IlluminanceUnit	subClassOf	UnitOfMeasure
hasPhenomenonTime	type	ObjectProperty
offers	domain	Device
Pressure	deprecated	true
hasThresholdMeasurement	deprecated	true
GetCurrentMeterValueCommand	type	Class
whenState	domain	Profile
Coal	type	Class
relatesToProperty	domain	Measurement
hasOperation	range	Operation
hasSensorType	range	Property
StepUpCommand	type	Class
relatesToMeasurement	domain	Property
PowerUnit	subClassOf	UnitOfMeasure
makesMeasurement	deprecated	true
GetCurrentMeterValueCommand	deprecated	true
Occupancy	type	Class
Electricity	type	Class
GetMeterHistoryCommand	deprecated	true
NaturalResourceCommodity	type	Class
hasTypicalConsumption	deprecated	true
Comfort	label	Comfort
MeteringFunction	deprecated	true
EnergyUnit	deprecated	true
Comfort	type	Task
isOfferedBy	range	Device
isMeasuredIn	range	UnitOfMeasure
hasStateKind	type	ObjectProperty
Time	deprecated	true
Safety	label	Safety
Washing	label	Washing
OnCommand	subClassOf	Command
TemperatureUnit	subClassOf	UnitOfMeasure
Price	label	Price
OpenCloseState	subClassOf	State
Coal	deprecated	true
license	type	AnnotationProperty
hasOperation	domain	Service
madeExecution	range	ProcedureExecution
isStateOfInterestOf	range	FeatureOfInterest
hasMeasurement	type	ObjectProperty
OnCommand	type	Class
EnergyCommodity	type	Class
hasThresholdMeasurement	domain	EventFunction
isMeasurementOf	type	ObjectProperty
StepDownCommand	type	Class
Motion	type	Class
hasPhenomenonTime	range	TemporalEntity
accomplishes	type	ObjectProperty
GetSensingDataCommand	subClassOf	Command
isControlledByDevice	type	ObjectProperty
OnCommand	deprecated	true
hasCommandKind	type	ObjectProperty
isPropertyOfInterestOf	inverseOf	hasPropertyOfInterest
PressureUnit	deprecated	true
scopeNote	type	AnnotationProperty
OpenCloseState	type	Class
madeBy	domain	ProcedureExecution
Humidity	type	Class
GetSensingDataCommand	type	Class
hasTime	type	ObjectProperty
FeatureOfInterest	type	Class
isActedUponBy	inverseOf	actsUpon
stores	inverseOf	isStoredBy
isMeasurementOf	domain	Measurement
Humidity	deprecated	true
Smoke	subClassOf	Property
WellBeing	deprecated	true
GetSensingDataCommand	deprecated	true
hasPrice	deprecated	true
broader	type	ObjectProperty
Price	deprecated	true
hasDescription	type	DatatypeProperty
narrower	inverseOf	broader
relatesToMeasurement	type	ObjectProperty
hasOptionalCommand	subPropertyOf	hasCommand
Operation	type	Class
madeBy	inverseOf	madeExecution
Device	type	Class
hasOptionalCommand	type	ObjectProperty
StartStopFunction	type	Class
NotifyCommand	type	Class
OnState	subClassOf	OnOffState
isCommandOfInterestOf	inverseOf	hasCommandOfInterest
hasPropertyOfInterest	domain	FeatureOfInterest
Sensor	label	Sensor
Temperature	type	Class
hasMeterReading	domain	MeteringFunction
accomplishes	label	accomplishes
measuresProperty	subPropertyOf	observes
System	type	Class
Energy	type	Class
isFunctionOfInterestOf	domain	FunctionOfInterest
SwitchOnService	type	Class
hasSensingRange	type	ObjectProperty
Service	type	Class
OffState	type	Class
FunctionOfInterest	type	Class
isPropertyOfInterestOf	type	ObjectProperty
Appliance	label	Appliance
Profile	label	Profile
GetMeterDataCommand	deprecated	true
Light	subClassOf	Property
hasOptionalCommand	domain	Function
Temperature	deprecated	true
isOperationOf	inverseOf	hasOperation
accomplishes	range	Task
Device	subClassOf	FeatureOfInterest
hasMeterReading	type	ObjectProperty
Energy	deprecated	true
Power	type	Class
isStateOfInterestOf	domain	StateOfInterest
consistsOf	type	ObjectProperty
source	type	AnnotationProperty
OpenState	type	Class
isFunctionOfInterestOf	type	FunctionalProperty
TemporalEntity	type	Class
isMeasurementOf	label	isMeasurementOf
isConsumedBy	type	ObjectProperty
isExecutionOf	type	ObjectProperty
SensingFunction	subClassOf	Function
isStoredBy	type	ObjectProperty
isAbout	type	ObjectProperty
OpenCommand	subClassOf	Command
State	label	State
hasStateOfInterest	type	ObjectProperty
Pressure	subClassOf	Property
isStateOf	inverseOf	hasState
hasFunctionKind	type	ObjectProperty
Occupancy	label	Occupancy
hasSensorType	deprecated	true
StartState	type	Class
hasFunctionOfInterest	type	ObjectProperty
Task	type	Class
hasMeasurement	deprecated	true
Washing	type	Task
hasIdentifier	type	DatatypeProperty
title	type	AnnotationProperty
hasPropertyValue	range	PropertyValue
observes	inverseOf	isObservedBy
madeExecution	inverseOf	madeBy
isControlledBy	subPropertyOf	isActedUponBy
hasTimestamp	type	DatatypeProperty
hasPropertyKind	range	Property
StartStopState	deprecated	true
Power	deprecated	true
TemperatureSensor	type	Class
stores	subPropertyOf	isUsedFor
OpenCommand	deprecated	true
hasFeatureKind	range	FeatureKind
description	type	AnnotationProperty
hasInput	type	ObjectProperty
CloseCommand	type	Class
DoorSwitch	type	Class
SmokeSensor	subClassOf	Sensor
isProfileOf	type	ObjectProperty
Water	type	Class
hasFunctionOfInterest	range	FunctionOfInterest
Command	label	Command
isControlledByDevice	subPropertyOf	isControlledBy
TemperatureSensor	deprecated	true
SetRelativeLevelCommand	type	Class
isMeasurementOf	deprecated	true
controls	label	controls
EnergyEfficiency	deprecated	true
hasTimestamp	range	dateTime
DoorSwitch	deprecated	true
hasMeterReadingType	type	ObjectProperty
isControlledByDevice	deprecated	true
Switch	subClassOf	Actuator
Electricity	label	Electricity
Power	label	Power
hasSensingRange	range	Measurement
Safety	type	Task
isCommandOf	domain	Command
Occupancy	subClassOf	Property
Gas	subClassOf	Commodity
isUsedFor	type	ObjectProperty
Observation	label	Observation
hasPrice	type	ObjectProperty
Function	label	Function
isFunctionOfInterestOf	inverseOf	hasFunctionOfInterest
relatesToMeasurement	deprecated	true
GetCurrentMeterValueCommand	subClassOf	GetCommand
offers	inverseOf	isOfferedBy
hasTime	deprecated	true
controlsProperty	range	Property
isControlledByDevice	domain	Property
GetMeterHistoryCommand	subClassOf	GetCommand
isObservedBy	subPropertyOf	isActedUponBy
isControlledByDevice	range	Device
CommandOfInterest	type	Class
IlluminanceUnit	type	Class
issued	type	AnnotationProperty
HVAC	deprecated	true
hasFeatureKind	domain	FeatureOfInterest
hasCommand	type	ObjectProperty
observes	type	ObjectProperty
Currency	deprecated	true
EventFunction	subClassOf	Function
produces	subPropertyOf	isUsedFor
LightSwitch	subClassOf	Switch
UnitOfMeasure	type	Class
OnState	deprecated	true
Smoke	label	Smoke
Cleaning	type	Task
hasState	inverseOf	isStateOf
StartState	subClassOf	StartStopState
creator	type	AnnotationProperty
isMeasuredByDevice	deprecated	true
Lighting	deprecated	true
hasSensingRange	deprecated	true
whenPropertyValue	domain	Profile
EnergyUnit	subClassOf	UnitOfMeasure
HVAC	label	HVAC
isMeasuredIn	type	ObjectProperty
produces	type	ObjectProperty
Humidity	subClassOf	Property
TemperatureUnit	type	Class
hasModel	type	DatatypeProperty
hasManufacturer	type	DatatypeProperty
makesMeasurement	domain	Device
Comfort	deprecated	true
Price	subClassOf	Property
Sensor	subClassOf	Device
controlsProperty	type	ObjectProperty
OnOffFunction	type	Class
hasDeviceKind	range	FeatureKind
StepUpCommand	subClassOf	Command
hasPropertyOfInterest	range	PropertyOfInterest
isConsumedBy	inverseOf	consumes
isStateOf	type	ObjectProperty
isCommandOfInterestOf	type	FunctionalProperty
isProfileOf	inverseOf	hasProfile
SetLevelCommand	type	Class
ProcedureExecution	type	Class
Lighting	type	Task
LevelControlFunction	type	Class
hasFunctionOfInterest	domain	Device
GetCommand	subClassOf	Command
consumes	subPropertyOf	isUsedFor
Commodity	label	Commodity
OffState	subClassOf	OnOffState
SetRelativeLevelCommand	subClassOf	SetLevelCommand
hasMeterReading	deprecated	true
Coal	label	Coal
isFunctionOfInterestOf	type	ObjectProperty
hasSensorType	type	ObjectProperty
isMeasuredByDevice	range	Device
LevelControlFunction	deprecated	true
isProducedBy	type	ObjectProperty
GetCommand	type	Class
isAbout	deprecated	true
isValueOfProperty	domain	PropertyValue
PressureUnit	subClassOf	UnitOfMeasure
Temperature	subClassOf	Property
StepUpCommand	deprecated	true
madeExecution	domain	FeatureOfInterest
ActuatingFunction	type	Class
Energy	subClassOf	Property
Actuator	label	Actuator
MultiLevelState	subClassOf	State
MeteringFunction	subClassOf	Function
Occupancy	deprecated	true
Electricity	deprecated	true
represents	label	represents
hasDescription	deprecated	true
GetCommand	deprecated	true
consumes	type	ObjectProperty
StepDownCommand	subClassOf	Command
hasMeterReadingType	range	Property
Commodity	type	Class
OnOffState	subClassOf	State
Motion	deprecated	true
hasMandatoryCommand	type	ObjectProperty
Measurement	type	Class
isStateOfInterestOf	type	FunctionalProperty
isOperationOf	type	ObjectProperty
Property	label	Property
hasMeterReadingType	deprecated	true
StartCommand	type	Class
Actuation	type	Class
Appliance	subClassOf	Device
Service	label	Service
note	type	AnnotationProperty
StartCommand	subClassOf	Command
ActuatingFunction	deprecated	true
isValueOfProperty	type	ObjectProperty
hasProfile	type	ObjectProperty
Power	subClassOf	Property
GetMeterDataCommand	subClassOf	GetCommand
MultiLevelState	type	Class
EnergyEfficiency	label	EnergyEfficiency
StepDownCommand	deprecated	true
Lighting	label	Lighting
HVAC	subClassOf	Device
isPropertyOf	inverseOf	hasProperty
hasPropertyOfInterest	type	ObjectProperty
ToggleCommand	type	Class
hasResult	domain	ProcedureExecution
Actuation	label	Actuation
Entertainment	deprecated	true
Meter	subClassOf	Device
CloseState	type	Class
hasMandatoryCommand	domain	Function
isMeasurementOf	range	FeatureOfInterest
actsUpon	type	ObjectProperty
OpenCloseState	deprecated	true
NotifyCommand	subClassOf	Command
isPropertyOf	type	ObjectProperty
isUsedFor	deprecated	true
hasPrice	range	Price
hasStateOfInterest	range	StateOfInterest
hasResultTime	type	DatatypeProperty
preferredNamespaceUri	type	AnnotationProperty
madeBy	type	ObjectProperty
StartCommand	deprecated	true
SmokeSensor	type	Class
observes	label	observes
CloseState	deprecated	true
StartStopFunction	deprecated	true
Smoke	type	Class
measuresProperty	type	ObjectProperty
Entertainment	type	Task
produces	inverseOf	isProducedBy
LevelControlFunction	subClassOf	ActuatingFunction
OnOffState	type	Class
Cleaning	label	Cleaning
controlsProperty	deprecated	true
hasFunctionKind	domain	FunctionOfInterest
consumes	label	consumes
SetAbsoluteLevelCommand	type	Class
PauseCommand	type	Class
hasCommandOfInterest	type	ObjectProperty
hasResultTime	domain	ProcedureExecution
NotifyCommand	deprecated	true
produces	label	produces
hasProperty	inverseOf	isPropertyOf
hasOperation	inverseOf	isOperationOf
State	type	Class
whenState	range	State
hasFunction	range	Function
isCommandOfInterestOf	type	ObjectProperty
consumes	inverseOf	isConsumedBy
SwitchOnService	deprecated	true
OpenState	deprecated	true
isPropertyOfInterestOf	range	FeatureOfInterest
hasPropertyValue	type	ObjectProperty
Command	type	Class
relatesToProperty	range	Property
Washing	deprecated	true
Device	label	Device
Light	type	Class
relatesToProperty	inverseOf	relatesToMeasurement
OffState	deprecated	true
isProducedBy	inverseOf	produces
controls	subPropertyOf	actsUpon
Water	label	Water
hasProfile	range	Profile
Coal	subClassOf	Commodity
controls	inverseOf	isControlledBy
OffCommand	type	Class
historyNote	type	AnnotationProperty
isMeasuredByDevice	subPropertyOf	isObservedBy
Temperature	label	Temperature
hasStateKind	domain	StateOfInterest
isAbout	label	isAbout
isOperationOf	type	FunctionalProperty
hasMeterReadingType	domain	MeteringFunction
isControlledBy	type	ObjectProperty
profileHasPrice	domain	Profile
isAccomplishedBy	type	ObjectProperty
Pressure	type	Class
makesMeasurement	range	Measurement
CloseCommand	subClassOf	Command
isCommandOfInterestOf	range	FunctionOfInterest
hasFunctionOfInterest	inverseOf	isFunctionOfInterestOf
TemporalPosition	type	Class
hasSensingRange	domain	SensingFunction
hasThresholdMeasurement	range	Measurement
Electricity	subClassOf	Commodity
CloseState	subClassOf	OpenCloseState
NaturalResourceCommodity	subClassOf	Commodity
Light	label	Light
relatesToProperty	type	ObjectProperty
StartState	deprecated	true
Gas	label	Gas
whenState	type	ObjectProperty
StopCommand	subClassOf	Command
observes	subPropertyOf	actsUpon
isFunctionOfInterestOf	range	Device
EnergyCommodity	subClassOf	Commodity
LightSwitch	type	Class
whenPropertyValue	range	PropertyValue
TemperatureSensor	subClassOf	Sensor
Currency	subClassOf	UnitOfMeasure
Safety	deprecated	true
StartStopFunction	subClassOf	ActuatingFunction
isCommandOf	inverseOf	hasCommand
hasCommand	range	Command
hasFeatureKind	type	ObjectProperty
StopCommand	type	Class
isProfileOf	domain	Profile
isStateOfInterestOf	type	ObjectProperty
StopState	type	Class
Switch	type	Class
hasCommandOfInterest	range	CommandOfInterest
LightSwitch	deprecated	true
CloseCommand	deprecated	true
Water	deprecated	true
isObservedBy	inverseOf	observes
measuresProperty	range	Property
WellBeing	label	WellBeing
PowerUnit	type	Class
hasPropertyKind	type	ObjectProperty
hasCommandOfInterest	inverseOf	isCommandOfInterestOf
OpenState	subClassOf	OpenCloseState
GetMeterHistoryCommand	type	Class
publisher	type	AnnotationProperty
StopCommand	deprecated	true
hasApplicableTime	type	ObjectProperty
SetRelativeLevelCommand	deprecated	true
measuresProperty	domain	Device
Motion	subClassOf	Property
Profile	type	Class
Observation	type	Class
Cleaning	deprecated	true
Currency	label	Currency
isPropertyOfInterestOf	domain	PropertyOfInterest
measurementMadeBy	range	Device
Drying	deprecated	true
isMeasurementOf	inverseOf	hasMeasurement
isCommandOf	type	ObjectProperty
IlluminanceUnit	deprecated	true
Humidity	label	Humidity
makesMeasurement	inverseOf	measurementMadeBy
preferredNamespacePrefix	type	AnnotationProperty
StopState	deprecated	true
Energy	label	Energy
Switch	deprecated	true
hasProfile	inverseOf	isProfileOf
hasState	type	ObjectProperty
offers	label	offers
PressureUnit	type	Class
isObservedBy	type	ObjectProperty
accomplishes	inverseOf	isAccomplishedBy
measuresProperty	deprecated	true
represents	type	ObjectProperty
PowerUnit	deprecated	true
Drying	type	Task
isPropertyOf	domain	Property
SetLevelCommand	subClassOf	Command
Gas	type	Class
Operation	label	Operation
controlsProperty	subPropertyOf	controls
madeExecution	type	ObjectProperty
hasCommand	inverseOf	isCommandOf
stores	type	ObjectProperty
Price	type	Class
TemperatureUnit	deprecated	true
hasMeasurement	domain	FeatureOfInterest
OperationExecution	subClassOf	ProcedureExecution
hasDeviceKind	type	ObjectProperty
OpenCloseFunction	type	Class
PropertyOfInterest	type	Class
OnOffFunction	deprecated	true
Pressure	label	Pressure
hasStateOfInterest	inverseOf	isStateOfInterestOf
isUsedFor	range	Commodity
StopState	subClassOf	StartStopState
SetLevelCommand	deprecated	true
Actuation	subClassOf	ProcedureExecution
Gas	deprecated	true
SensingFunction	type	Class
Drying	label	Drying
OpenCloseFunction	deprecated	true
