hasCharacter	range	Character
isEventAssociatedToPlayer	domain	InstantaneousEvent
Completion	type	Class
playsGame	domain	Player
hasGameGenre	domain	Game
Feature	label	Feature
isEventRelatedToItem	domain	InstantaneousEvent
startTime	domain	Session
GameProduct	type	Class
isEventInGame	domain	InstantaneousEvent
isAchievementInGame	inverseOf	hasAchievement
hasAchievement	range	Achievement
playsGame	range	Game
Collection	subClassOf	Achievement
InAppPurchaseEvent	type	Class
hasAchievement	domain	Game
hasPlayingArea	domain	Game
hasCharacter	domain	Game
isSessionInGame	range	Game
Feature	type	Class
MenuEvent	subClassOf	InstantaneousEvent
involvesAchievement	domain	Session
endTime	domain	Session
eventTime	type	DatatypeProperty
Completion	subClassOf	Achievement
involvesCharacter	range	Character
Session	subClassOf	Thing
Product	type	Class
isCharacterInSession	inverseOf	involvesCharacter
InAppPurchaseEvent	subClassOf	InstantaneousEvent
username	label	username
Achievement	label	Achievement
VideoGameOntology	preferredNamespacePrefix	vgo
Virtuosity	type	Class
purchasesGameOffering	type	ObjectProperty
unlocksAchievement	domain	InstantaneousEvent
involvesCharacter	domain	Session
isCharacterInSession	type	ObjectProperty
LoseEvent	type	Class
Loyalty	subClassOf	Achievement
isLeaderboardInGame	range	Game
isLeaderboardInGame	type	ObjectProperty
creator	type	AnnotationProperty
Item	label	Item
isEventInGame	range	Game
Paragon	subClassOf	Achievement
Player	type	Class
Completion	label	Completion
contributor	type	AnnotationProperty
unlocksAchievement	type	ObjectProperty
Virtuosity	subClassOf	Achievement
eventName	type	DatatypeProperty
MenuEvent	type	Class
isEventTriggeredByCharacter	domain	InstantaneousEvent
PopulatedPlace	type	Class
hasLeaderboard	type	ObjectProperty
VideoGameOntology	creator	mpoveda
Paragon	type	Class
isItemInGame	inverseOf	hasItem
Curiosity	type	Class
isEventAssociatedToPlayer	range	Player
isEventInSession	domain	InstantaneousEvent
isFriendWithPlayer	subPropertyOf	knows
ownsCharacter	type	ObjectProperty
involvesPlayer	comment	optional
knows	type	ObjectProperty
Minigame	type	Class
isCharacterInGame	range	Game
creator	domain	Game
isFriendWithPlayer	domain	Player
Leaderboard	type	Class
livesIn	domain	Player
hasGameGenre	type	ObjectProperty
hasItem	comment	optional
Luck	subClassOf	Achievement
Virtuosity	label	Virtuosity
Veteran	label	Veteran
Multiplayer	label	Multiplayer
isAchievedInSession	type	ObjectProperty
isCharacterInGame	domain	Character
GainEvent	type	Class
isEventInSession	type	ObjectProperty
ownsAchievement	type	ObjectProperty
Loyalty	label	Loyalty
Curiosity	subClassOf	Achievement
Leaderboard	label	Leaderboard
eventName	range	string
ownsCharacter	domain	Player
hasLeaderboard	range	Leaderboard
Character	label	Character
Minigame	subClassOf	Achievement
Tutorial	type	Class
Luck	type	Class
Fandom	label	Fandom
eventName	domain	InstantaneousEvent
hasCharacter	comment	optional
HardMode	type	Class
isAchievedInSession	domain	Achievement
isEventTriggeredByCharacter	type	ObjectProperty
isPlayerInSession	type	ObjectProperty
PlayerEvent	subClassOf	InstantaneousEvent
releaseDate	type	DatatypeProperty
hasAchievement	comment	optional
isFriendWithPlayer	range	Player
ownsItem	type	ObjectProperty
Session	type	Class
isCharacterInGame	inverseOf	hasCharacter
releaseDate	range	dateTime
Fandom	subClassOf	Achievement
Item	type	Class
Paragon	label	Paragon
Tutorial	subClassOf	Achievement
hasFeature	range	Feature
Fandom	type	Class
Collection	label	Collection
isPlayerInSession	domain	Player
Leaderboard	subClassOf	Thing
hasLeaderboard	inverseOf	isLeaderboardInGame
involvesCharacter	comment	optional
hasFeature	type	ObjectProperty
SpecialPlayStyle	type	Class
ownsItem	range	Item
isCharacterInSession	range	Session
LoseEvent	subClassOf	GameEvent
ownsAchievement	range	Achievement
Veteran	subClassOf	Achievement
creator	range	Agent
involvesAchievement	type	ObjectProperty
unlocksAchievement	range	Achievement
isAchievementInGame	type	ObjectProperty
ownsCharacter	range	Character
isCharacterInSession	domain	Character
involvesAchievement	comment	optional
isEventTriggeredByCharacter	range	Character
playsGame	type	ObjectProperty
Character	type	Class
PlayerEvent	type	Class
SpecialPlayStyle	subClassOf	Achievement
Veteran	type	Class
Game	label	Game
Game	type	Class
releaseDate	domain	Game
involvesPlayer	type	ObjectProperty
ownsAchievement	domain	Player
GameEvent	type	Class
isAchievementInGame	range	Game
hasItem	type	ObjectProperty
isLeaderboardInGame	domain	Leaderboard
isAchievedInSession	range	Session
GainEvent	subClassOf	GameEvent
Tutorial	label	Tutorial
Minigame	label	Minigame
Agent	type	Class
purchasesGameOffering	range	GameProduct
PlayingArea	type	Class
isItemInGame	domain	Item
GameEvent	subClassOf	InstantaneousEvent
hasFeature	domain	Item
isSessionInGame	type	ObjectProperty
Curiosity	label	Curiosity
Genre	label	Genre
isEventRelatedToItem	type	ObjectProperty
involvesAchievement	range	Achievement
hasItem	range	Item
hasPlayingArea	type	ObjectProperty
hasCharacter	type	ObjectProperty
isLeaderboardInGame	comment	optional
Player	label	Player
isAchievementInGame	domain	Achievement
eventTime	domain	InstantaneousEvent
purchasesGameOffering	domain	InAppPurchaseEvent
Thing	type	Class
hasPlayingArea	range	PlayingArea
Multiplayer	type	Class
isEventInSession	range	Session
isEventRelatedToItem	range	Item
hasGameGenre	range	Genre
username	range	string
isCharacterInGame	type	ObjectProperty
isFriendWithPlayer	type	SymmetricProperty
involvesPlayer	range	Player
username	type	DatatypeProperty
involvesCharacter	type	ObjectProperty
GameProduct	subClassOf	ProductOrService
isEventAssociatedToPlayer	type	ObjectProperty
isPlayerInSession	inverseOf	involvesPlayer
Genre	type	Class
Multiplayer	subClassOf	Achievement
isItemInGame	range	Game
isFriendWithPlayer	type	ObjectProperty
HardMode	subClassOf	Achievement
startTime	type	DatatypeProperty
Loyalty	type	Class
isItemInGame	type	ObjectProperty
isEventInGame	type	ObjectProperty
hasAchievement	type	ObjectProperty
livesIn	type	ObjectProperty
isPlayerInSession	range	Session
livesIn	range	PopulatedPlace
GameProduct	subClassOf	Product
ProductOrService	type	Class
startTime	range	dateTime
Player	subClassOf	Agent
Achievement	type	Class
endTime	type	DatatypeProperty
VideoGameOntology	type	Ontology
isSessionInGame	domain	Session
Session	label	Session
isAchievedInSession	inverseOf	involvesAchievement
ownsItem	domain	Character
endTime	range	dateTime
involvesPlayer	domain	Session
creator	type	ObjectProperty
hasLeaderboard	domain	Game
InstantaneousEvent	type	Class
Collection	type	Class
username	domain	Player
eventTime	range	dateTime
Luck	label	Luck
hasItem	domain	Game
